id,patid,celltype
CAALTDKLIF;CASSLAGGHTEAFF;TRAV13-1*01;TRAJ34*01;TRBV7-9*01;TRBJ1-1*01,P11051,"CD4,CD8"
CAAMDSNYQLIW;CASSEATGGTDTQYF;TRAV1-2*01;TRAJ33*01;TRBV6-1*01;TRBJ2-3*01,P13015,CD8
CAAMDSNYQLIW;CASSEGQGASTDTQYF;TRAV1-2*01;TRAJ33*01;TRBV6-4*01;TRBJ2-3*01,P7298,CD8
CAAPLIKAAGNKLTF;CASSYGWDRASYEQYF;TRAV8-1*01;TRAJ17*01;TRBV6-2*01;TRBJ2-7*01,P12249,CD4
CAARGSNTGKLIF;CASSSTSGQETQYF;TRAV29/DV5*01;TRAJ37*01;TRBV7-8*01;TRBJ2-5*01,P12249,CD4
CAARSSNTGKLIF;CASSSSSGQETQYF;TRAV29/DV5*01;TRAJ37*01;TRBV7-8*01;TRBJ2-5*01,P12249,CD4
CAASDYKLSF;CASSFWGQVDQPQHF;TRAV13-1*01;TRAJ20*01;TRBV7-8*01;TRBJ1-5*01,P13015,CD8
CAASDYKLSF;CASSLWGQVDQPQHF;TRAV13-1*01;TRAJ20*01;TRBV7-8*01;TRBJ1-5*01,P13015,CD8
CAASEGYALNF;CASSYSGTGNTGELFF;TRAV13-1*01;TRAJ41*01;TRBV6-5*01;TRBJ2-2*01,P12249,CD8
CAASEGYKLSF;CASSYSGTGNTGELFF;TRAV13-1*01;TRAJ20*01;TRBV6-5*01;TRBJ2-2*01,P11474,"CD4,CD8"
CAASKADSWGKLQF;CASSMGLPNQPQHF;TRAV23/DV6*01;TRAJ24*01;TRBV19*01;TRBJ1-5*01,P11887,CD8
CAASNDYKLSF;CASSLGYPNQPQHF;TRAV29/DV5*01;TRAJ20*01;TRBV7-9*01;TRBJ1-5*01,P11051,CD8
CAASNDYKLSF;CASSSGKGGNQPQHF;TRAV29/DV5*01;TRAJ20*01;TRBV7-9*01;TRBJ1-5*01,P11051,CD8
CAASTSVDSWGKLQF;CASSLGLPNQPQHF;TRAV23/DV6*01;TRAJ24*01;TRBV19*01;TRBJ1-5*01,P11887,CD8
CAASWAGKSTF;CASSLRGRQGEAFF;TRAV29/DV5*01;TRAJ27*01;TRBV12-3*01;TRBJ1-1*01,P12481,CD4
CAASWAGKSTF;CASSLRGTGELFF;TRAV29/DV5*01;TRAJ27*01;TRBV12-3*01;TRBJ2-2*01,P12481,CD4
CAASWAGKSTF;CSASAGTQETQYF;TRAV29/DV5*01;TRAJ27*01;TRBV29-1*01;TRBJ2-5*01,P12481,CD4
CAASWAGKSTF;CSVLGTEETQYF;TRAV29/DV5*01;TRAJ27*01;TRBV29-1*01;TRBJ2-5*01,P12481,CD4
CAATNDYKLSF;CASSLVVPGRDEQFF;TRAV8-3*01;TRAJ20*01;TRBV7-9*01;TRBJ2-1*01,P11051,CD8
CAEMNSGYSTLTF;CASSQEGMGAYEQFF;TRAV13-2*01;TRAJ11*01;TRBV4-1*01;TRBJ2-1*01,P12130,CD8
CAENQDSGYSTLTF;CASSQEGAGAYEQYF;TRAV13-2*01;TRAJ11*01;TRBV4-1*01;TRBJ2-7*01,P12130,CD8
CAESDNYGQNFVF;CASSLRGGDYEQYF;TRAV13-2*01;TRAJ26*01;TRBV5-1*01;TRBJ2-7*01,P11887,CD8
CAESPMDSNYQLIW;CASSQVAGTGGYEQYF;TRAV5*01;TRAJ33*01;TRBV4-1*01;TRBJ2-7*01,P11887,CD8
CAETDNYGQNFVF;CASSLRGQDYEQYF;TRAV13-2*01;TRAJ26*01;TRBV5-1*01;TRBJ2-7*01,P11887,CD8
CAETPMDSNYQLIW;CASSQVSGTGGYEQYF;TRAV5*01;TRAJ33*01;TRBV4-1*01;TRBJ2-7*01,P11887,CD8
CAFMKLLYSGGGADGLTF;CASSLEGSKSEQYF;TRAV38-1*01;TRAJ45*01;TRBV13*01;TRBJ2-7*01,P12126,CD8
CAFMKSLYSGGGADGLTF;CASSLEGSSYEQYF;TRAV38-1*01;TRAJ45*01;TRBV13*01;TRBJ2-7*01,P12126,CD8
CAGATMDSSYKLIF;CASRKDRDYNEQFF;TRAV14/DV4*01;TRAJ12*01;TRBV12-3*01;TRBJ2-1*01,P12481,CD4
CAGATMDSSYKLIF;CASRTGTGGYYEQYF;TRAV14/DV4*01;TRAJ12*01;TRBV12-3*01;TRBJ2-7*01,P12481,CD4
CAGATMDSSYKLIF;CASRTSGAYNEQFF;TRAV14/DV4*01;TRAJ12*01;TRBV12-3*01;TRBJ2-1*01,P12481,CD4
CAGATMDSSYKLIF;CASSLKSGLEQYV;TRAV14/DV4*01;TRAJ12*01;TRBV7-2*01;TRBJ2-7*01,P12481,CD4
CAGATMDSSYKLIF;CASSLRRGQPQHF;TRAV14/DV4*01;TRAJ12*01;TRBV12-3*01;TRBJ1-5*01,P12481,CD4
CAGATMDSSYKLIF;CASSLRTGPYEQYV;TRAV14/DV4*01;TRAJ12*01;TRBV7-2*01;TRBJ2-7*01,P12481,CD4
CAGATMDSSYKLIF;CASSPGGGAYEQYF;TRAV14/DV4*01;TRAJ12*01;TRBV12-3*01;TRBJ2-7*01,P12481,CD4
CAGATMDSSYKLIF;CASSPTGGAETQYF;TRAV14/DV4*01;TRAJ12*01;TRBV12-3*01;TRBJ2-5*01,P12481,CD4
CAGATMDSSYKLIF;CASSPTGLDEQFF;TRAV14/DV4*01;TRAJ12*01;TRBV12-3*01;TRBJ2-1*01,P12481,CD4
CAGATMDSSYKLIF;CASSRTDTQYF;TRAV14/DV4*01;TRAJ12*01;TRBV12-3*01;TRBJ2-3*01,P12481,CD4
CAGATMDSSYKLIF;CASSSGGNQPQHF;TRAV14/DV4*01;TRAJ12*01;TRBV12-3*01;TRBJ1-5*01,P12481,CD4
CAGATMDSSYKLIF;CASSSTGVGIQYF;TRAV14/DV4*01;TRAJ12*01;TRBV12-3*01;TRBJ2-4*01,P12481,CD4
CAGATMDSSYKLIF;CSAGQGKNGELFF;TRAV14/DV4*01;TRAJ12*01;TRBV29-1*01;TRBJ2-2*01,P12481,CD4
CAGATMDSSYKLIF;CSAPMTSGTDTQYF;TRAV14/DV4*01;TRAJ12*01;TRBV20-1*01;TRBJ2-3*01,P12481,CD4
CAGATMDSSYKLIF;CSARPTSGDTDTQYF;TRAV14/DV4*01;TRAJ12*01;TRBV20-1*01;TRBJ2-3*01,P12481,CD4
CAGATMDSSYKLIF;CSARRAGVVTDTQYF;TRAV14/DV4*01;TRAJ12*01;TRBV20-1*01;TRBJ2-3*01,P12481,CD4
CAGATMDSSYKLIF;CSGGGADIFYNEQFF;TRAV14/DV4*01;TRAJ12*01;TRBV29-1*01;TRBJ2-1*01,P12481,CD4
CAGATMDSSYKLIF;CSTRAGGPGDTQYF;TRAV14/DV4*01;TRAJ12*01;TRBV20-1*01;TRBJ2-3*01,P12481,CD4
CAGATMDSSYKLIF;CSTVRGGHPTDTQYF;TRAV14/DV4*01;TRAJ12*01;TRBV20-1*01;TRBJ2-3*01,P12481,CD4
CAGATMDSSYKLIF;CSVDPGEETQYF;TRAV14/DV4*01;TRAJ12*01;TRBV29-1*01;TRBJ2-5*01,P12481,CD4
CAGATMDSSYKLIF;CSVDRGLPGELFF;TRAV14/DV4*01;TRAJ12*01;TRBV29-1*01;TRBJ2-2*01,P12481,CD4
CAGATMDSSYKLIF;CSVDRYEQFF;TRAV14/DV4*01;TRAJ12*01;TRBV29-1*01;TRBJ2-1*01,P12481,CD4
CAGATMDSSYKLIF;CSVDVAVKETQYF;TRAV14/DV4*01;TRAJ12*01;TRBV29-1*01;TRBJ2-5*01,P12481,CD4
CAGATMDSSYKLIF;CSVEGTRNEQFF;TRAV14/DV4*01;TRAJ12*01;TRBV29-1*01;TRBJ2-1*01,P12481,CD4
CAGATMDSSYKLIF;CSVGVAARYNEQFF;TRAV14/DV4*01;TRAJ12*01;TRBV29-1*01;TRBJ2-1*01,P12481,CD4
CAGATMDSSYKLIF;CSVGWVGDTQYF;TRAV14/DV4*01;TRAJ12*01;TRBV29-1*01;TRBJ2-3*01,P12481,CD4
CAGATMDSSYKLIF;CSVQGSTDTQYF;TRAV14/DV4*01;TRAJ12*01;TRBV29-1*01;TRBJ2-3*01,P12481,CD4
CAGATMDSSYKLIF;CSVQSSGNEQYF;TRAV14/DV4*01;TRAJ12*01;TRBV29-1*01;TRBJ2-7*01,P12481,CD4
CAGATMDSSYKLIF;CSVWGNEQFF;TRAV14/DV4*01;TRAJ12*01;TRBV29-1*01;TRBJ2-1*01,P12481,CD4
CAGEEQAGTALIF;CSARSTNNQPQHF;TRAV27*01;TRAJ15*01;TRBV20-1*01;TRBJ1-5*01,P11950,CD4
CAGEEQAGTALIF;CSGKQASNQPQHF;TRAV27*01;TRAJ15*01;TRBV20-1*01;TRBJ1-5*01,P11950,CD4
CAGLSAGGTSYGKLTF;CASSFLGGGTEAFF;TRAV27*01;TRAJ52*01;TRBV28*01;TRBJ1-1*01,P11950,CD8
CAGLSAGGTSYGKLTF;CASSYLGGGTEAFF;TRAV27*01;TRAJ52*01;TRBV28*01;TRBJ1-1*01,P11950,CD8
CAGMDSNYQLIW;CASSAGTSTDTQYF;TRAV1-2*01;TRAJ33*01;TRBV6-4*01;TRBJ2-3*01,P12481,CD8
CAGMDSNYQLIW;CASSEAGGTGANVLTF;TRAV1-2*01;TRAJ33*01;TRBV6-1*01;TRBJ2-6*01,P12481,CD4
CAGSNDYKLSF;CASSSVIPGTDTQYF;TRAV8-3*01;TRAJ20*01;TRBV7-9*01;TRBJ2-3*01,P11051,"CD4,CD8"
CAIDNQAGTALIF;CASSFGEYEQFF;TRAV12-3*01;TRAJ15*01;TRBV12-3*01;TRBJ2-1*01,P12481,CD4
CAIDNQAGTALIF;CASSGDSGNQPQHF;TRAV12-3*01;TRAJ15*01;TRBV12-3*01;TRBJ1-5*01,P12481,CD4
CAIDNQAGTALIF;CASSLGGNEQFF;TRAV12-3*01;TRAJ15*01;TRBV7-9*01;TRBJ2-1*01,P12481,CD4
CAIDNQAGTALIF;CASSLGGVPEAFF;TRAV12-3*01;TRAJ15*01;TRBV5-1*01;TRBJ1-1*01,P12481,CD4
CAIDNQAGTALIF;CASSLRGRQGEAFF;TRAV12-3*01;TRAJ15*01;TRBV12-3*01;TRBJ1-1*01,P12481,CD4
CAIDNQAGTALIF;CASSLRGTGELFF;TRAV12-3*01;TRAJ15*01;TRBV12-3*01;TRBJ2-2*01,P12481,CD4
CAIDNQAGTALIF;CASSLTGGNTEAFF;TRAV12-3*01;TRAJ15*01;TRBV5-1*01;TRBJ1-1*01,P12481,CD4
CAIDNQAGTALIF;CASSPPSGTYEQYF;TRAV12-3*01;TRAJ15*01;TRBV12-3*01;TRBJ2-7*01,P12481,CD4
CAIDNQAGTALIF;CASSSTGDYNEQFF;TRAV12-3*01;TRAJ15*01;TRBV7-9*01;TRBJ2-1*01,P12481,CD4
CAIDNQAGTALIF;CASSTGTVNQPQHF;TRAV12-3*01;TRAJ15*01;TRBV12-3*01;TRBJ1-5*01,P12481,CD4
CAIDNQAGTALIF;CSASAGTQETQYF;TRAV12-3*01;TRAJ15*01;TRBV29-1*01;TRBJ2-5*01,P12481,CD4
CAIDNQAGTALIF;CSVAGDGTDTQYF;TRAV12-3*01;TRAJ15*01;TRBV29-1*01;TRBJ2-3*01,P12481,CD4
CAIDNQAGTALIF;CSVAGGQGGETQYF;TRAV12-3*01;TRAJ15*01;TRBV29-1*01;TRBJ2-5*01,P12481,CD4
CAIDNQAGTALIF;CSVDEGANQETQYF;TRAV12-3*01;TRAJ15*01;TRBV29-1*01;TRBJ2-5*01,P12481,CD4
CAIDNQAGTALIF;CSVLGTEETQYF;TRAV12-3*01;TRAJ15*01;TRBV29-1*01;TRBJ2-5*01,P12481,CD4
CALGRGGSQGNLIF;CASSLDGPTDTQYF;TRAV9-2*01;TRAJ42*01;TRBV7-2*01;TRBJ2-3*01,P12249,CD4
CALSRGGSQGNLIF;CASSLDGPTDTQYF;TRAV9-2*01;TRAJ42*01;TRBV7-2*01;TRBJ2-3*01,P12249,CD4
CALTSNTGKLIF;CASSTPAGGRVENEQFF;TRAV19*01;TRAJ37*01;TRBV7-2*01;TRBJ2-1*01,P7298,CD4
CALTSNTGKLIF;CASSTPAGGRVGNEQFF;TRAV19*01;TRAJ37*01;TRBV7-2*01;TRBJ2-1*01,P7298,CD4
CAMKPDSNYQLIW;CASSFWGQVDQPQHF;TRAV14/DV4*01;TRAJ33*01;TRBV7-8*01;TRBJ1-5*01,P13015,CD8
CAMKPDSNYQLIW;CASSLWGQVDQPQHF;TRAV14/DV4*01;TRAJ33*01;TRBV7-8*01;TRBJ1-5*01,P13015,CD8
CAMREGDGGYNKLIF;CASSPGLAGGPDTGELFF;TRAV14/DV4*01;TRAJ4*01;TRBV7-7*01;TRBJ2-2*01,P13016,CD8
CAMREGDGGYNKLIF;CASSPGLAGGPETGELFF;TRAV14/DV4*01;TRAJ4*01;TRBV7-7*01;TRBJ2-2*01,P12481,CD8
CAMREGNNNARLMF;CASSVGWGNAGELFF;TRAV14/DV4*01;TRAJ31*01;TRBV9*01;TRBJ2-2*01,P13016,CD8
CAMREGNNNARLMF;CASSVGWGNSGELFF;TRAV14/DV4*01;TRAJ31*01;TRBV9*01;TRBJ2-2*01,P13016,"CD4,CD8"
CAMREGRSGAGSYQLTF;CASSETGSPYEQYF;TRAV14/DV4*01;TRAJ28*01;TRBV5-6*01;TRBJ2-7*01,P11051,CD8
CAMREGRSGAGSYQLTF;CASSLTGAPYEQYF;TRAV14/DV4*01;TRAJ28*01;TRBV5-6*01;TRBJ2-7*01,P11051,"CD4,CD8"
CAMREGRSGAGSYQLTF;CASSLTGSPYEQYF;TRAV14/DV4*01;TRAJ28*01;TRBV5-6*01;TRBJ2-7*01,P11051,"CD4,CD8"
CAMSATSSASKIIF;CSVLGGRNTEAFF;TRAV12-3*01;TRAJ3*01;TRBV29-1*01;TRBJ1-1*01,P11474,CD4
CAMSATSSASKIIF;CSVVRGGTEAFF;TRAV12-3*01;TRAJ3*01;TRBV29-1*01;TRBJ1-1*01,P11474,CD4
CAMSDIGSAAAGGFKTIF;CASSPFDGNEQYF;TRAV12-3*01;TRAJ9*01;TRBV5-4*01;TRBJ2-7*01,P12126,CD8
CAMSDIGSAAGGFKTIF;CASSPFDGNEQYF;TRAV12-3*01;TRAJ9*01;TRBV5-4*01;TRBJ2-7*01,P12126,CD8
CAMTLDTGRRALTF;CASSFGGRGGTDTQYF;TRAV14/DV4*01;TRAJ5*01;TRBV11-2*01;TRBJ2-3*01,P12249,CD4
CAMTLDTGRRALTF;CASSSSGRGGRETQYF;TRAV14/DV4*01;TRAJ5*01;TRBV11-2*01;TRBJ2-5*01,P12249,CD4
CAPMDSNYQLIW;CASSDSGLDTGELFF;TRAV1-2*01;TRAJ33*01;TRBV6-4*01;TRBJ2-2*01,P11932,CD8
CAPMDSNYQLIW;CSARDLAGHEQYF;TRAV1-2*01;TRAJ33*01;TRBV20-1*01;TRBJ2-7*01,P11474,CD8
CASSNDYKLSF;CASSLVVPGLDEQFF;TRAV8-3*01;TRAJ20*01;TRBV7-9*01;TRBJ2-1*01,P11051,CD8
CATAETSGSRLTF;CSASKRGGIYEQYF;TRAV17*01;TRAJ58*01;TRBV20-1*01;TRBJ2-7*01,P12249,CD4
CATAETSGSRLTF;CSASKRGGTYEQYF;TRAV17*01;TRAJ58*01;TRBV20-1*01;TRBJ2-7*01,P12249,CD4
CATLTDKLIF;CASSLAGGHTEAFF;TRAV13-1*01;TRAJ34*01;TRBV7-9*01;TRBJ1-1*01,P11051,CD4
CATSDIYNQGGKLIF;CASRLAGEETQYF;TRAV17*01;TRAJ23*01;TRBV2*01;TRBJ2-5*01,P13016,CD8
CATSDIYNQGGKLIF;CASRTSGGETQYF;TRAV17*01;TRAJ23*01;TRBV2*01;TRBJ2-5*01,P13016,"CD4,CD8"
CAVDMGRDDKIIF;CASSGGLAGYYNEQFF;TRAV39*01;TRAJ30*01;TRBV19*01;TRBJ2-1*01,P11887,CD4
CAVDRGDDKIIF;CASSGGVAGYYNEQFF;TRAV39*01;TRAJ30*01;TRBV19*01;TRBJ2-1*01,P11887,CD4
CAVEDQDGGFKTIF;CSARQGNYEQYF;TRAV2*01;TRAJ9*01;TRBV20-1*01;TRBJ2-7*01,P11950,CD8
CAVEDQNGGFKTIF;CSARVGSYEQYF;TRAV2*01;TRAJ9*01;TRBV20-1*01;TRBJ2-7*01,P11950,CD8
CAVGDDYKLSF;CSARIDRGLYGYTF;TRAV12-2*01;TRAJ20*01;TRBV20-1*01;TRBJ1-2*01,P12249,CD4
CAVGDDYKLSF;CSARVDGQGRYGYTF;TRAV12-2*01;TRAJ20*01;TRBV20-1*01;TRBJ1-2*01,P12249,CD4
CAVGDSNYQLIW;CASSDAGGTDTQYF;TRAV1-2*01;TRAJ33*01;TRBV6-4*01;TRBJ2-3*01,P12126,CD8
CAVGDSNYQLIW;CASSDSSGGANTQYF;TRAV1-2*01;TRAJ33*01;TRBV6-4*01;TRBJ2-3*01,P13070,CD8
CAVGDSNYQLIW;CASSESAGVSNEQFF;TRAV1-2*01;TRAJ33*01;TRBV6-4*01;TRBJ2-1*01,P13069,CD8
CAVGDSNYQLIW;CASSGTGDTGELFF;TRAV1-2*01;TRAJ33*01;TRBV6-4*01;TRBJ2-2*01,P9509,CD8
CAVHTYSGGGADGLTF;CASSPSGMEQFF;TRAV20*01;TRAJ45*01;TRBV4-1*01;TRBJ2-1*01,P12126,CD8
CAVKDSNYQLIW;CASSDLAGGTDTQYF;TRAV1-2*01;TRAJ33*01;TRBV6-4*01;TRBJ2-3*01,P9509,CD8
CAVKDSNYQLIW;CASSKAGGPDTQYF;TRAV1-2*01;TRAJ33*01;TRBV6-1*01;TRBJ2-3*01,P12481,CD8
CAVKDSSYKLIF;CASSDSSGGADTQYF;TRAV1-2*01;TRAJ12*01;TRBV6-4*01;TRBJ2-3*01,P11932,CD8
CAVKDSSYKLIF;CASSEIAGGPDTQYF;TRAV1-2*01;TRAJ12*01;TRBV6-1*01;TRBJ2-3*01,P7298,CD8
CAVKGGFQKLVF;CASSSDTQYF;TRAV3*01;TRAJ8*01;TRBV13*01;TRBJ2-3*01,P11051,CD8
CAVKGGFQKLVF;CASSSEKLFF;TRAV3*01;TRAJ8*01;TRBV13*01;TRBJ1-4*01,P11051,CD8
CAVLDSNYQLIW;CASSEKGETEAFF;TRAV1-2*01;TRAJ33*01;TRBV6-1*01;TRBJ1-1*01,P7461,CD4
CAVLDSNYQLIW;CASSPQAGNTEAFF;TRAV1-2*01;TRAJ33*01;TRBV6-1*01;TRBJ1-1*01,P9509,CD8
CAVLDSNYQLIW;CSARDDRGREQYF;TRAV1-2*01;TRAJ33*01;TRBV20-1*01;TRBJ2-7*01,P12592,CD8
CAVLTYSGGGADGLTF;CASSQTGGEQYF;TRAV20*01;TRAJ45*01;TRBV4-1*01;TRBJ2-7*01,P12126,CD8
CAVLTYSGGGADGLTF;CASSRSGTEQFF;TRAV20*01;TRAJ45*01;TRBV4-1*01;TRBJ2-1*01,P12126,CD8
CAVPMIKAAGNKLTF;CASSYGWTVPSYEQYF;TRAV8-1*01;TRAJ17*01;TRBV6-2*01;TRBJ2-7*01,P12249,CD4
CAVQGYSGGGADGLTF;CASSQTGNEQFF;TRAV20*01;TRAJ45*01;TRBV4-1*01;TRBJ2-1*01,P12126,"CD4,CD8"
CAVQGYSGGGADGLTF;CASSRTGSEQFF;TRAV20*01;TRAJ45*01;TRBV4-1*01;TRBJ2-1*01,P12126,"CD4,CD8"
CAVQSYSGGGADGLTF;CASSPTGSEQFF;TRAV20*01;TRAJ45*01;TRBV4-1*01;TRBJ2-1*01,P12126,CD8
CAVQTYSGGGADGLTF;CASSETGSVQFF;TRAV20*01;TRAJ45*01;TRBV4-1*01;TRBJ2-1*01,P12126,CD8
CAVRDGDYKLSF;CSAERNSYEQYF;TRAV1-2*01;TRAJ20*01;TRBV20-1*01;TRBJ2-7*01,P11887,CD4
CAVRDGDYKLSF;CSAREREYEQYF;TRAV1-2*01;TRAJ20*01;TRBV20-1*01;TRBJ2-7*01,P13070,CD8
CAVRGGNEKLTF;CSAVGLAYEQYF;TRAV8-6*01;TRAJ48*01;TRBV20-1*01;TRBJ2-7*01,P12249,CD4
CAVRWRTASKLTF;CASSTPAGGRVENEQFF;TRAV41*01;TRAJ44*01;TRBV7-2*01;TRBJ2-1*01,P7298,CD4
CAVRWRTASKLTF;CASSTPAGGRVGNEQFF;TRAV41*01;TRAJ44*01;TRBV7-2*01;TRBJ2-1*01,P7298,CD4
CAVSGFGNEKLTF;CSSIGESYEQYF;TRAV8-6*01;TRAJ48*01;TRBV20-1*01;TRBJ2-7*01,P12249,CD4
CAVSNTGNQFYF;CASSLRGMDYEQYF;TRAV41*01;TRAJ49*01;TRBV5-5*01;TRBJ2-7*01,P12249,CD4
CAVSNTGNQFYF;CASSLRGTDYEQYF;TRAV41*01;TRAJ49*01;TRBV5-5*01;TRBJ2-7*01,P12249,CD8
CAVSNTGNQFYF;CASSRRGTDYEQYF;TRAV41*01;TRAJ49*01;TRBV5-5*01;TRBJ2-7*01,P12249,CD8
CAVSRTGNQFYF;CASSLRGADYEQYF;TRAV41*01;TRAJ49*01;TRBV5-5*01;TRBJ2-7*01,P12249,"CD4,CD8"
CAVSRTGNQFYF;CASSLRGMDYEQYF;TRAV41*01;TRAJ49*01;TRBV5-5*01;TRBJ2-7*01,P12249,CD8
CAVTDSNYQLIW;CASSGTSGTDTQYF;TRAV1-2*01;TRAJ33*01;TRBV6-4*01;TRBJ2-3*01,P9509,"CD4,CD8"
CAVTNDYKLSF;CASSLVSGGEDEQYF;TRAV8-3*01;TRAJ20*01;TRBV7-9*01;TRBJ2-7*01,P11051,CD4
CAVTNDYKLSF;CASSQTGGFYEQYF;TRAV21*01;TRAJ20*01;TRBV4-1*01;TRBJ2-7*01,P12130,CD8
CAVTNDYKLSF;CASSQVGGNYEQYF;TRAV21*01;TRAJ20*01;TRBV4-1*01;TRBJ2-7*01,P12130,CD8
CAVTNDYKLSF;CASSSDYHEQYF;TRAV21*01;TRAJ20*01;TRBV7-9*01;TRBJ2-7*01,P12130,CD8
CAVTNDYKLSF;CASSSPNYYEQYF;TRAV21*01;TRAJ20*01;TRBV7-9*01;TRBJ2-7*01,P12130,CD8
CAVTNDYKLSF;CSALELAGGLNEQFF;TRAV21*01;TRAJ20*01;TRBV29-1*01;TRBJ2-1*01,P12130,CD8
CAVTNDYKLSF;CSGRGRGNYEQYF;TRAV21*01;TRAJ20*01;TRBV29-1*01;TRBJ2-7*01,P12130,CD8
CAVTNDYKLSF;CSVAASSYEQYF;TRAV21*01;TRAJ20*01;TRBV29-1*01;TRBJ2-7*01,P12130,CD8
CAVTNDYKLSF;CSVAVLAGVNEQFF;TRAV21*01;TRAJ20*01;TRBV29-1*01;TRBJ2-1*01,P12130,CD8
CAVTNDYKLSF;CSVDTGGTEAFF;TRAV21*01;TRAJ20*01;TRBV29-1*01;TRBJ1-1*01,P12130,CD8
CAVTNDYKLSF;CSVEDPSGRADEQFF;TRAV21*01;TRAJ20*01;TRBV29-1*01;TRBJ2-1*01,P12130,CD8
CAVTNDYKLSF;CSVEEGRAHEQFF;TRAV21*01;TRAJ20*01;TRBV29-1*01;TRBJ2-1*01,P12130,CD8
CAVTNDYKLSF;CSVEVGSNEQFF;TRAV21*01;TRAJ20*01;TRBV29-1*01;TRBJ2-1*01,P12130,CD8
CAVTNDYKLSF;CSVEYTDTQYF;TRAV21*01;TRAJ20*01;TRBV29-1*01;TRBJ2-3*01,P12130,CD8
CAVTNDYKLSF;CSVRGRETEAFF;TRAV21*01;TRAJ20*01;TRBV29-1*01;TRBJ1-1*01,P12130,CD8
CAVTNDYKLSF;CSVTGVNSYEQYF;TRAV21*01;TRAJ20*01;TRBV29-1*01;TRBJ2-7*01,P12130,CD8
CAVTNDYKLSF;CSVVLDEQYF;TRAV21*01;TRAJ20*01;TRBV29-1*01;TRBJ2-7*01,P12130,CD8
CAVTNTGNQFYF;CASSLRGTDYEQYF;TRAV41*01;TRAJ49*01;TRBV5-5*01;TRBJ2-7*01,P12249,CD4
CAVTRNSGYALNF;CASASRGGETQYF;TRAV8-1*01;TRAJ41*01;TRBV19*01;TRBJ2-5*01,P11887,CD4
CAVTRNSGYALNF;CASSQRGGETQYF;TRAV8-1*01;TRAJ41*01;TRBV19*01;TRBJ2-5*01,P12249,CD4
CAVTSSGNTPLVF;CSVEQGIGGYTF;TRAV8-4*01;TRAJ29*01;TRBV29-1*01;TRBJ1-2*01,P12128,CD4
CAVTSSGNTPLVF;CSVEVGISGYTF;TRAV8-4*01;TRAJ29*01;TRBV29-1*01;TRBJ1-2*01,P12249,CD4
CAVVDSNYQLIW;CASSEAGVSGANVLTF;TRAV1-2*01;TRAJ33*01;TRBV6-1*01;TRBJ2-6*01,P13069,CD8
CGTEMENTDKLIF;CASSLGGSPYEQYF;TRAV30*01;TRAJ34*01;TRBV27*01;TRBJ2-7*01,P12126,CD8
CGTEMGNTDKLIF;CASSLGGSPYEQYF;TRAV30*01;TRAJ34*01;TRBV27*01;TRBJ2-7*01,P12126,CD8
CILRVIYNQGEKLIF;CASSAWSTGGLGNTIYF;TRAV26-2*01;TRAJ23*01;TRBV9*01;TRBJ1-3*01,P12126,CD8
CILRVIYNQGGKLIF;CASSAWSTGGLGNTIYF;TRAV26-2*01;TRAJ23*01;TRBV9*01;TRBJ1-3*01,P12126,CD8
CVVGRNTGGFKTIF;CASSDQGGHNEQFF;TRAV12-1*01;TRAJ9*01;TRBV6-4*01;TRBJ2-1*01,P12249,CD4
CVVNDNYGQNFVF;CASSLEGAGSPLHF;TRAV12-1*01;TRAJ26*01;TRBV5-4*01;TRBJ1-6*01,P11887,CD8
CVVNDNYGQNFVF;CASSLEGSNSPLHF;TRAV12-1*01;TRAJ26*01;TRBV5-4*01;TRBJ1-6*01,P12130,CD8
CVVNSLQRGSYIPTF;CASSPDPPLGAFF;TRAV12-1*01;TRAJ6*01;TRBV28*01;TRBJ1-1*01,P12126,CD8
CVVNSLQRGSYIPTF;CASSPDPPPGAFF;TRAV12-1*01;TRAJ6*01;TRBV28*01;TRBJ1-1*01,P12126,CD8
CVVTRNTGGFKTIF;CASSDIGGNNEQFF;TRAV12-1*01;TRAJ9*01;TRBV6-4*01;TRBJ2-1*01,P12249,CD4
